id,GroupName,Prefectures,PostalCode,Address,TelephoneNumber,Email,HomePage,Philosophy,Product,Deadline,Condition,Offer,NorthLa-EastLon
1,特定非営利活動法人 札幌市福祉生活支援センター（フー ドバンク札幌）,北海道,001-0023,北海道札幌市北区北 21 条西 3 丁目 1 番 12 号,011-726-2829,npo@fukushi-life.or.jp,http://www.fukushi-life.or.jp,「“もったいない”の心が生きる助け合い」をモットーに、フードバンク活動を通じて地域の「セーフティーネット」を構築いたします。,加工食品（常温）、加工食品（冷蔵）、加工食品（冷凍）、農産物など,1,賞味期限が１週間以内であっても、賞味期限までの日数が残っているもの,児童養護施設、母子生活支援施設、シェルター、自立援助ホーム、障害者施設、生活困窮者支援団体、個人支援、炊き出し、老人施設、グループホーム、災害支援団体、学校 外学習生活支援団体、子ども食堂等,"[43.061936, 141.3542924]"
2,生活協同組合コープさっぽろ,北海道,063-8501,北海道札幌市西区発寒 11 条 5 丁目 10－1,011-671-6620 ,ak.suzuki@todock.jp,http://www.sapporo.coop,つなぐ,加工食品（常温）、加工食品（冷凍）,30,賞味期限が１ヶ月以上残っているもの,児童養護施設、学校外学習生活支援団体,"[43.061936, 141.3542924]"
3,特定非営利活動法人 ハンズハーベスト北海道,北海道,064-0924,北海道札幌市中央区南 24 条西 15 丁目 1 番 6 号,090-8371-3636,qqnw8tc9k@beetle.ocn.ne.jp,https://ja-jp.facebook.com/hannzuhabesuto/,余剰食品を無償で提供していただき、それを必要としている団体や個人に無償で提供することにより、環境問題と福祉問題に貢献することを目的とする。,加工食品（常温）、加工食品（冷蔵）、加工食品（冷凍）、農産物、水産物・畜産物など,30,賞味期限が１ヶ月以上残っているもの,児童養護施設、母子生活支援施設、自立援助ホーム、更生支援施設、障害者施設、生活困窮者支援団体、個人支援、炊き出し、グループホーム、災害支援団体、学校外学習生 活支援団体、子ども食堂等,"[43.061936, 141.3542924]"
4,特定非営利活動法人ピーシーズ,北海道,070-0038,北海道旭川市 8 条通 8 丁目 41 番地の 9,0166-76-1994,pcs@snow.plala.or.jp,http://www.piece-s.xyz,一人はみんなの為に、みんなは一人の為に。,加工食品（常温）、農産物など,30,賞味期限が１ヶ月以上残っているもの,障害者施設、個人支援,"[43.4519831, 142.8197834]"
5,特定非営利活動法人 フードバンク イコロさっぽろ,北海道,065-0022,北海道札幌市東区北 22 条東 18 丁目 3 番 5 号,090-2815-3947,ikor.sapporo@gmail.com,foodbank-ikorsapporo.themedia.jp,食品ロス削減と食のセーフティネットの構築。,加工食品（常温）、農産物、卵,1,賞味期限が１週間以内であっても、賞味期限までの日数が残っているもの,自立援助ホーム、更生支援施設、障害者施設、個人支援、炊き出し、老人施設、学校外学習生活支援団体、子ども食堂等,"[43.061936, 141.3542924]"
6,フードバンクいぶり,北海道,052-0011,北海道室蘭市中央町 3－5－13 SK 室蘭中央ビル 6F,0143-83-7355,kiuchi_iburi@next2001.net,https://foodbank-iburi.net/,・緊急状態に置かれた方への迅速対応。・食材を相談支援業務への活用。・子ども食堂・地域食堂との連携による地 域ネットワーク創り。,加工食品（常温）、農産物など,1,賞味期限が１週間以内であっても、賞味期限までの日数が残っているもの,生活困窮者支援団体、個人支援、炊き出し、グループホー ム、災害支援団体、子ども食堂等,"[42.348623, 141.039154]"
7,フードバンク道南協議会,北海道,050-0003,北海道函館市松陰町 27 番 14 号,080-1897-8749,koureikyouakane@onyx.ocn.ne.jp,http://foodbank.girly.jp/,社会的支援を必要とする人たちに食事提供している非営利団体へ食品を届ける。,加工食品（常温）、加工食品（冷蔵）、加工食品（冷凍）、農産物、水産物・畜産物など,1,賞味期限が１週間以内であっても、賞味期限までの日数が残っているもの,児童養護施設、シェルター、自立援助ホーム、障害者施設、生活困窮者支援団体、子ども食堂,"[41.768793, 140.729008]"
8,フードバンクネットワーク もったいないわ・千歳,北海道,066-0037,北海道千歳市新富 1－19－9,090-2818-8253,mottainaiwa@gmail.com,https://www.facebook.com/mottainaiwa.chitose/,もったいないをありがとうへ,加工食品（常温）、加工食品（冷蔵）、加工食品（冷凍）、農産物など,14,賞味期限が 2 週間以上残っているものなど,自立援助ホーム、障害者施設、生活困窮者支援団体、個人支援、炊き出し、老人施設、グループホーム、学校外学習生活支援団体、子ども食堂等,"[42.8209335, 141.6509612]"
9,特定非営利活動法人 ワーカーズコープぽっけ（フードバ ンクとまこまい）,北海道,053-0802,北海道苫小牧市弥生町 3－1 ななかまど 12,0144-84-3856,Pokke@roukyou.gr.jp,https://pokke.roukyou.gr.jp/,１．食品ロス削減、２．貧困支援、３．困窮者支援、４．多様な人の働く場。,加工食品（常温）、加工食品（冷蔵）、加工食品（冷凍）、農産物、水産物・畜産物など,60,賞味期限が２ヶ月以上残っているもの,児童養護施設、母子生活支援施設、シェルター、自立援助ホーム、更生支援施設、生活困窮者支援団体、個人支援、炊き出し、災害支援団体、学校外学習生活支援団体、子ども食堂等,"[42.6340602, 141.6055453]"
10,特定非営利活動法人フードバンク岩手,岩手県,020-0887,岩手県盛岡市上ノ橋町 1－50 岩繊ビル 3－7,019-654-3545,foodbankiwate@gmail.com,http://foodbankiwate.org,この法人は、フードバンク事業・困窮者支援事業・就労継続、就労移行支援事業・社会参加促進事業などを行うことで、社会的孤立や貧困、障害、病、災害、差別、環境などで困難な生活や将来に大きな不安を抱く人たちが、自らの自発的な意志と選択により、居場場や役割を享受でき、多様で、幸福と感じられる生活と社会的包摂の実現に寄与し、すべての人が健康で文化的な生活を営める社会の創造を目的とする。,加工食品（常温）、農産物,30,賞味期限が１ヶ月以上残っているもの,児童養護施設、母子生活支援施設、シェルター、自立援助ホーム、更生支援施設、障害者施設、生活困窮者支援団体、個人支援、グループホーム、災害支援団体、学校外学習生活支援団体、子ども食堂等,"[39.7021331, 141.1545397]"
11,特定非営利活動法人いのちのパン,宮城県,985-0831,宮城県多賀城市笠神 2－11－45 ,080-5552-5594,info@breadoflife.jp,http://www.breadoflife.jp,この法人は、キリスト教精神に基づいて～明るく豊かな社会の実現に、寄与することを目的とする。,加工食品（常温）、加工食品（冷蔵）、加工食品（冷凍）、農産物、水産物・畜産物など,1,賞味期限が１週間以内であっても、賞味期限までの日数が残っているもの,児童養護施設、障害者施設、生活困窮者支援団体、個人支援、炊き出し、災害支援団体、学校外学習生活支援団体、 子ども食堂等,"[38.300213, 141.031022]"
12,コープ東北サンネット事業連合 コープフードバンク,宮城県,981-3304,宮城県富谷市ひより台 2－1－8,080-5849-6315,sn.m32700rn@todock.coop,https://www.tohoku.coop/foodbank/index.html,食品ロスの削減と、安心して暮らせる地域社会つくり。,加工食品（常温）、加工食品（冷凍）、農産物、水産物・畜産物,90,賞味期限が３ヶ月以上残っているものなど,"児童養護施設、母子生活支援施設、シェルター、自立援助、ホーム、更生支援施設、障害者施設、生活困窮者支援団体、炊き出し、災害支援団体、学校外学習生活支援団体、子ども食堂等
子ども食堂等","[38.2496828, 140.9434748]"
13,一般社団法人フードバンクいしのまき,宮城県,986-0813,宮城県石巻市駅前北通り 4 丁目 10-26-3,0225-98-5996,ishinomaki.fb@gmail.com,http://foodbank-i.com,フードセーフティーネットの構築と食品ロスの削減を目的とし、理想的な循環型社会の形成を図る,加工食品（常温）・菓子 清涼飲料 米・乾麺類・調味料等,30,常温保存が可能で配布食品は未開封・未使用、賞味期限１カ月前,生活困窮者自立相談支援センター、社会福祉協議会、地域交流活動、子ども食堂,"[38.437036, 141.300146]"
14,特定非営利活動法人 ふうどばんく東北ＡＧＡＩＮ,宮城県,981-3341,宮城県富谷市成田 8－1－1,022-779-7150,info@foodbank.or.jp,https://www.foodbank.or.jp,「もったいない」を「ありがとう」の笑顔へ。,加工食品（常温）、米など,30,賞味期限が１ヶ月以上残っているもの,児童養護施設、母子生活支援施設、シェルター、自立援助ホーム、更生支援施設、障害者施設、生活困窮者支援団体、個人支援、炊き出し、グループホーム、災害支援団体、子ども食堂等,"[38.2496828, 140.9434748]"
15,一般社団法人フードバンクあきた,秋田県,011-0945,秋田県秋田市土崎港西二丁目 3－24,080-4519-6525,info@foodbankakita.com,http://foodbankakita.com,「もったいない」から「ありがとう」。,加工食品（常温）、農産物,30,賞味期限が１ヶ月以上残っているもの,児童養護施設、母子生活支援施設、自立援助ホーム、更生支援施設、障害者施設、生活困窮者支援団体、個人支援、災害支援団体、学校外学習生活支援団体、子ども食堂等,"[39.7197629, 140.1034669]"
16,特定非営利活動法人 フードバンク山形,山形県,992-0011,山形県米沢市中田町 779－1,0238-37-3282,foodbankyamagata@gmail.com,#N/A,“もったいない”を理念とし余剰食品を提供してもらい福祉施設・困きゅう者へ届ける、又社会的支援・災害支援活動 など。,加工食品（常温）、農産物など,1,賞味期限が１週間以内であっても、賞味期限までの日数が残っているもの,母子生活支援施設、シェルター、自立援助ホーム、障害者施設、生活困窮者支援団体、子ども食堂等,"[38.4746705, 140.083237]"
17,やまがた福わたし（フードバンク山形中央）,山形県,999-0834,山形県山形市清住町 1－2－13－A101,050-5309-9702,info@fukuwatashi.com,https://fukuwatashi.com/wp/,食のセーフティネットとして、様々な理由で食の支援を必要とする方を支援する事を目的とする。,加工食品（常温）、加工食品（冷蔵）、加工食品（冷凍）、農産物など,30,賞味期限が１ヶ月以上残っているもの,生活困窮者支援団体、個人支援、老人施設、学校外学習生活支援団体、子ども食堂等,"[38.4746705, 140.083237]"
18,社会福祉法人郡山市社会福祉協議会,福島県,963-8024,福島県郡山市朝日 1－29－9,024-932-5311,k-shakyo-f@violin.ocn.ne.jp,https://koriyama-shakyo.jp/,地域福祉の推進。,加工食品（常温）、農産物,30,賞味期限が１ヶ月以上残っているもの,個人支援,"[37.5212863, 140.043482]"
19,福島県いわき市小名浜君ケ塚町 13－6,福島県,971-8168,福島県いわき市小名浜君ケ塚町 13－6,0246-52-2511,the-people@email.plala.or.jp,http://npo-thepeople.com/,この法人は、自分たちが住むまちの問題を、自分たち自身が考え、その解決のため主体的に行動する。そうした住民の存在がこれからの地域を支える基盤であると考え「住民主体のまちづくり」を進めることを大きな活動の目的とする。,加工食品（常温）,30,賞味期限が１ヶ月以上残っているもの,児童養護施設、母子生活支援施設、障害者施設、生活困窮者支援団体、子ども食堂等,"[36.959054, 140.898328]"
20,特定非営利活動法人 ＦＵＫＵＳＨＩＭＡいのちの水,福島県,963-0107,福島県郡山市安積 1－3－5,090-7079-5011,fukushimainochinomizu@gmail.com,http://fukushimainochinomizu.com,「ひとりの子のいのちを救うために」というキャッチフレーズのもと、危機の中にいる弱者（子供）のいのちを守ること。,加工食品（常温）、加工食品（冷蔵）、加工食品（冷凍）、米など,90,賞味期限が３ヶ月以上残っているもの,児童養護施設、母子生活支援施設、シェルター、生活困窮者支援団体、個人支援、炊き出し、災害支援団体、学校外学習生活支援団体、子ども食堂等,"[37.5212863, 140.043482]"
21,特定非営利活動法人 福島やさい畑～復興プロジェクト,福島県,964-0906,福島県二本松市若宮 1－370,0243-24-7444,yasaibatake2012@gmail.com,http://fukushimayasaibatake.web.fc2.com,東日本大震災から９月め、被災者は仮設から復興住宅等へ 移転されましたが、故郷へ戻れる状態ではないために、いまだ生活が宙ぶらりで将来に希望を見出すことができない人が多くおられます。日本の貧困層は１５．６％と発表されましたが、福島ではもっと多くなっています。この現実を踏まえ、皆様からのご協力を得ながら「一人の困窮者もいない社会」を目指していきたいと思います,加工食品（常温）、農産物,30,賞味期限が１ヶ月以上残っているもの,児童養護施設、障害者施設、個人支援、炊き出し、子ども食堂等,"[37.5850396, 140.4313889]"
22,ＮＰＯ法人フードバンク茨城,茨城県,300-1221,茨城県牛久市牛久町 1024－1 パルシステム茨城栃木うしくセンター内,080-3545-4335,fb.ibaraki@gmail.com,http://sites.google.com/site/fbibaraki/,食べられるのに捨てられる食品を回収して（御寄付頂いて）、食を必要としている人たちを支援している非営利の施設、団体に無償で提供する。,加工食品（常温）、農産物など,60,賞味期限が２ヶ月以上残っているもの,児童養護施設、母子生活支援施設、シェルター、自立援助ホーム、更生支援施設、障害者施設、生活困窮者支援団体、個人支援、炊き出し、老人施設、グループホーム、災害支援団体、学校外学習生活支援団体、子ども食堂等,"[35.9794247, 140.1494034]"
23,鹿沼市社会福祉協議会 地域福祉課 権利擁護係 フード バンクかぬま,栃木県,322-0043,栃木県鹿沼市 931－1,0289-65-5191,kashakyou@kanuma-shakyo.or.jp,http://kanuma-shakyo.or.jp,地域福祉の推進。,加工食品（常温）,30,賞味期限が１ヶ月以上残っているもの,個人支援、子ども食堂,"[36.5672916, 139.7452455]"
24,社会福祉法人 三松会 フルーツガーデンフードバンクさの,栃木県,327-0806,栃木県佐野市犬伏上町 2798 番地,0283-86-9515,fruitgarden@road.ocn.ne.jp,http://fruitgarden.jp ,①個人の尊厳を守り利用者の意向を十分に尊重し、生きることへの感謝をもっていただけるよう、慈悲のこころで支援します。②地域における福祉の拠点を目指します。,加工食品（常温）、農産物など,30,賞味期限が１ヶ月以上残っているもの,個人支援等,"[36.30607, 139.5751145]"
25,とちぎボランティアネットワーク、フードバンク宇都宮,栃木県,320-0027,栃木県宇都宮市塙田 2－5－1 共生ビル 3 階,028-622-0021,info@tochigivnet.jp,https://fbu2189.org/,栃木県内に住む人の自発的な社会活動を促進し、ボランテ ィアの仲間とともに、創意工夫のあふれる郷土をつくる。,加工食品（常温）、農産物,30,賞味期限が１ヶ月以上残っているもの,児童養護施設、自立援助ホーム、障害者施設、個人支援、老人施設、子ども食堂等,"[36.5549677, 139.8828776]"
26,ＮＰＯ法人フードバンクさの,栃木県,327-0806,栃木県佐野市犬伏上町 2798 番地,0283-86-9515,info@fbu2189.org,http://fruitgarden.jp,・個人の尊厳を守り、利用者の意向を十分に尊重し、生きることへの感謝をもっていただけるよう、慈悲のこころで 支援します。 ・地域における福祉の拠点を目指します。,加工食品（常温）、農産物など,30,賞味期限が１ヶ月以上残っているもの,障害者施設、個人支援、災害支援団体等,"[36.30607, 139.5751145]"
27,特定非営利活動法人 フードバンクとちぎ,栃木県,323-0822,栃木県小山市駅南町 1－12－32,0285-27-5443,foodbanktochigi@gmail.com,http://foodbanktochigi.blog.fc2.com/,誰でも必要な時に食べ物を得ることができ、全ての人が安心して暮らせる社会の実現に貢献したと考えてます。,加工食品（常温）、加工食品（冷蔵）、加工食品（冷凍）、農産物,90,賞味期限が３ヶ月以上残っているものなど,児童養護施設、自立援助ホーム、障害者施設、生活困窮者支援団体等,"[35.075757, 135.2193373]"
28,フードバンク道の駅思川,栃木県,323-0065,栃木県小山市大字下国府塚 25 番地 1,0285-38-2551,shop@michinoekiomoigawa.co.jp,http://www.michinoekiomoigawa.co.jp/,貧困撲滅と食材の有効利用、フードロスの軽減。,農産物,0,主に農産物を扱っており、傷みの程度により判断,生活困窮者支援団体、子ども食堂等,"[35.075757, 135.2193373]"
29,太田市社会支援課 フードバンクおおた,群馬県,373-0025,群馬県太田市熊野町 2 番 8 号,0276-25-0611,foodbankota@sunfield.ne.jp,https://www.city.ota.gunma.jp/005gyosei/0070-006kenko-shakai/foodbank.html,食べられるにもかかわらず処分されてしまう食品等を、企業や個人等から寄贈・提供を受け、生活困窮のため支援を必要としている人に適切に配布し、地域の仕組みとして確立させ、相互扶助の社会づくりを目指す。,加工食品（常温）、長期保存可能な菓子パンなど,60,賞味期限が２ヶ月以上残っているもの,児童養護施設、障害者施設、個人支援、子ども食堂等,"[36.2911561, 139.3754233]"
30,一般社団法人中央ライフ・サポートセンター,群馬県,371-0007,群馬県前橋市上泉町 1852 番地 5,027-269-2501,clsc.rd@gmail.com,http://clsc.web.fc2.com/,廃棄やリサイクルされている商品を、本業を通じた社会貢 献活動として「いわゆる社会的弱者」の支援活動等に提供 していただき、社会的課題を解決して「五方よし」（自分 よし、相手よし、社会よし、孫子よし、地球よし）を実 現。「福祉と食品の有効活用をこっそりささえる」,加工食品（常温）、加工食品（冷蔵）、加工食品（冷凍）、農産物、水産物・畜産物,30,賞味期限が１ヶ月以上残っているもの,児童養護施設、母子生活支援施設、自立援助ホーム、更生支援施設、障害者施設、生活困窮者支援団体、老人施設、グループホーム、学校外学習生活支援団体、子ども食堂等,"[36.3893418, 139.0632826]"
31,フードバンク桐生（桐生市役所福祉課）,群馬県,376-8501,群馬県桐生市織姫町 1－1,0277-46-1111,fukushi@city.kiryu.lg.jp,http://www.city.kiryu.lg.jp/,#N/A,加工食品（常温）,90,賞味期限が３ヶ月以上残っているものなど,障害者施設、個人支援、老人施設、子ども食堂,"[36.4055296, 139.3310209]"
32,特定非営利活動法人 三松会 フードバンク北関東,群馬県,374-0074,群馬県館林市高根町 109,0276-52-8188,kitakantoofb@gmail.com,http://www.sansyoukai.or.jp,身寄りのない方、生活に困まっている方などによりそい支援をする。食品ロスの発生抑制をする。,加工食品（常温）、加工食品（冷蔵）、加工食品（冷凍）、農産物など,30,賞味期限が１ヶ月以上残っているものなど,児童養護施設、母子生活支援施設、シェルター、自立援助ホーム、更生支援施設、障害者施設、生活困窮者支援団体、個人支援、炊き出し、老人施設、グループホーム、災害支援団体、学校外学習生活支援団体、子ども食堂、外国 人支援団体等,"[36.2454338, 139.5421576]"
33,フードバンクいるま,埼玉県,358-0033,埼玉県入間市狭山台 4－20－4,０８０－６５５５－９８０４,foodbankiruma@gmail.com,http://www.maroon.dti.ne.jp/foodbankiruma/,食品ロスの削減と困窮者支援を目的に市民よる市民のための地域密着型のフードバンクを目指している。,加工食品（常温）、農産物など,30,賞味期限が１ヶ月以上残っているもの,障害者施設、生活困窮者支援団体、学校外学習生活支援団体、子ども食堂等,"[35.8358142, 139.3909293]"
34,特定非営利活動法人 フードバンク埼玉,埼玉県,330-0061,埼玉県さいたま市浦和区常盤 6－4－21,048-832-0115,foobbanksaitama@gmail.com,http://www.foodbanksaitama.jp,もったいない、から、ありがとうへ。,加工食品（常温）、加工食品（冷蔵）、加工食品（冷凍）、農産物,60,賞味期限が２ヶ月以上残っているもの,児童養護施設、障害者施設、生活困窮者支援団体、個人支援、災害支援団体、学校外学習生活支援団体、子ども食堂、外国人支援団体等,"[35.861751,139.644066]"
35,ＮＰＯ法人フードバンクネット西埼玉,埼玉県,359-1162,埼玉県所沢市和ケ原 1－166－7,070-5080-3068,fbnws2016@gmail.com,https://www.fbn-nishi-saitama.com,・優しさのプラットホーム「フードバンク」・いつでも食べものがもらえる場所があること。それは「生きる権利」を守ること。・「もったいない」を「ありがとう」へ。,加工食品（常温）、農産物など,30,賞味期限が１ヶ月以上残っているもの,児童養護施設、シェルター、障害者施設、生活困窮者支援団体、個人支援、老人施設、グループホーム、学校外学習生活支援団体、子ども食堂等,"[35.7994271, 139.4687478]"
36,社会福祉法人 和光市社会福祉協議会 和光市くらし・仕事相談センター すたんど・あっぷ和光,埼玉県,351-0104,埼玉県和光市南 1－23－1,048-452-7608,stand-up@wako-shakyo.or.jp,http://www.wako-shakyo.or.jp/,「ＷＩＴＨ～今日より素敵な明日のために～」地域の人々と共に住み慣れたまちで安心して生活することができる 「福祉のまちづくり」目指しています。,加工食品（常温）、農産物,#N/A,#N/A,生活困窮者支援団体、個人支援、子ども食堂,"[35.7817053, 139.6058692]"
37,認定ＮＰＯ法人 グッドネーバーズ・ジャパン,東京都,143-0016,東京都大田区大森北 2－14－2 3F,03-6423-1768,gohan@gnjp.org,https://www.gnjp.org/,ｖｉｓｉｏｎ子どもの笑顔にあふれ誰もが人間らしく生きられる社会。,加工食品（常温）、加工食品（冷蔵）、農産物など,0,加工食品については、賞味期限が２ヶ月以上残っているもの。,個人支援,"[35.561389, 139.716081]"
38,特定非営利活動法人 さんきゅハウス,東京都,190-0021,東京都立川市羽衣町 3－14－13,042-512-7541,sankyuuhausu@tbz.t-com.ne.jp,http://sanq-h.org/,生活困窮者の自立支援。,加工食品（常温）、加工食品（冷凍）、農産物など,90,賞味期限が３ヶ月以上残っているもの,生活困窮者支援団体、個人支援、子ども食堂等,"[35.724463, 139.404766]"
39,認定ＮＰＯ法人 セカンドハーベスト・ジャパン,東京都,111-0053,東京都台東区浅草橋 4－5－1 水田ビル 1F,03-5822-5375,foodbank@2hj.org,http://www.2hj.org/,誰でも十分な食べ物があるようにＰｅｏｐｌｅ ｈａｖｅ ｅｎｏｕｇｈ ｆｏｏｄ,加工食品（常温）、加工食品（冷蔵）、加工食品（冷凍）、農産物,0,都度、案件ごとに判断,児童養護施設、母子生活支援施設、シェルター、自立援助ホーム、更生支援施設、障害者施設、生活困窮者支援団体、個人支援、炊き出し、老人施設、グループホーム、災害支援団体、学校外学習生活支援団体、子ども食堂等,"[35.7106419, 139.79651893909025]"
40,フードバンクいたばし,東京都,174-0063,東京都板橋区前野町 5－41－5,03-3965-2780,gyousou@jcom.home.ne.jp,https://foodbankitabashi.jimdofree.com/,もったいないをおせっかいしておすそわけ。｛代表｝,加工食品（常温）,60,賞味期限が２ヶ月以上残っているもの,児童養護施設、母子生活支援施設、自立援助ホーム、更生支援施設、生活困窮者支援団体、災害支援団体、学校外学習生活支援団体、子ども食堂等,"[35.774143, 139.681209]"
41,特定非営利活動法人 フードバンク狛江,東京都,201-0012,東京都狛江市中和泉 3－12－3 パインハウス狛江 101,03-5497-0272,info@fb-komae.org,https://fb-komae.org/,食の支援を通じて支え合う地域づくり。,加工食品（常温）、農産物,30,賞味期限が１ヶ月以上残っているもの,障害者施設、生活困窮者支援団体、個人支援、炊き出し、老人施設、グループホーム、学校外学習生活支援団体、子ども食堂等,"[35.6327974, 139.57097876891305]"
42,フードバンク立川,東京都,190-0013,東京都立川市富士見町 2－36－47,042-529-8323,fbtachikawa@gmail.com,https://foodbanktachikawa.wordpress.com/,立川市を中心に、フードバンク活動の推進を主として活動し、困窮している市民への支援をしていき、社会的な連帯活動を進めていく。,加工食品（常温）,60,賞味期限が２ヶ月以上残っているもの,個人支援、子ども食堂,"[35.724463, 139.404766]"
43,特定非営利活動法人フードバンクＴＡＭＡ,東京都,191-0062,東京都日野市多摩平 5－3－2 プレジャーガーデン豊田 101,080-6814-3657,foodbank.tama@gmail.com,http://foodbank-tama.com/,本法人は、設立時から子供の貧困対策をメインテーマとし て、フードバンク活動に取り組んできました。,加工食品（常温）、加工食品（冷凍）、農産物など,60,賞味期限が２ヶ月以上残っているもの,児童養護施設、母子生活支援施設、シェルター、自立援助ホーム、更生支援施設、障害者施設、生活困窮者支援団体、個人支援、学校外学習生活支援団体、子ども食堂等,"[35.6610715, 139.4147051]"
44,フードバンク調布,東京都,182-0035,東京都調布市上石原 1－27－8 カフェ侘助,090-8051-3922,info@foodbank-chofu.org,http://www.facebook.com/Foodbank.Chofu,食品ロスを減らし、生活困窮者への支援を通して、食を分かちあい、共に支えあう心豊かな社会を作る。,加工食品（常温）,30,賞味期限が１ヶ月以上残っているもの,児童養護施設、母子生活支援施設、障害者施設、個人支援、老人施設、グループホーム、学校外学習生活支援団体、子ども食堂等,"[35.6506452, 139.5407473]"
45,特定非営利活動法人 フードバンク八王子えがお,東京都,193-0823,東京都八王子市横川町 108－8－11,042-649-7125,fb8egao@gmail.com,http://www.fb8egao.com/,「食で支えよう ひと 地域 未来」困ったときはお互いさまの気持ちで支えあう地域をつくろう。,加工食品（常温）、冷凍パンなど,60,賞味期限が２ヶ月以上残っているもの,児童養護施設、個人支援、グループホーム、子ども食堂等,"[35.660175, 139.283071]"
46,フードバンクみたか,東京都,181-0013,東京都三鷹市下連雀 8 丁目 6-1-103,080-5545-1169,foodbankmitaka@gmail.com,http://www.facebook.com/foodbankmitaka,市場に出すことが出来ない規格外食品などを、企業・農家などから提供してもらい、必要としている福祉施設や生活困窮者に届けるフードバンクシステムを構築するとともに、フードロス削減に向けた運動に協力する。これらの活動を通して、支え合う心豊かな社会をつくることを目的とする。,加工食品（常温）、米など,30,未開封で、賞味期限が１ヶ月以上あるもの。,三鷹市生活・就労支援窓口または三鷹市社会福祉協議会を通じての福祉団体や個人。個人支援、子ども食堂等,"[35.684188, 139.564324]"
47,ＮＰＯ法人ｗｉｓｈ,神奈川県,252-0326,神奈川県相模原市南区磯部 4800－5,080-3472-5859,mikiko555@icloud.com,https://www.sagami-portal.com/hp/dnt10105/,子供たちがしっかり食べて成長し、人生の選択肢を広げられるようにすること。,加工食品（常温）、農産物など,1,賞味期限が１週間以内であっても、賞味期限までの日数が残っているもの,児童養護施設、母子生活支援施設、自立援助ホーム、障害者施設、生活困窮者支援団体、個人支援、老人施設、学校外学習生活支援団体、子ども食堂等,"[35.56559, 139.236215]"
48,特定非営利活動法人 神奈川フードバンク・プラス,神奈川県,231-0843,横浜市中区本郷町1丁目2  横浜上野町教会,090-3107-6477,jimukyoku@foodbankplus-kanagawa.org,http://foodbankplus-kanagawa.org/,理念：食の支援を入り口に「おたがいさま」が当たり前になる「ささえあい」のネットワークづくりを目指します。目的：生活困窮者、高齢者、ひとり親家庭及び、その困窮する実態に陥るおそれのある人々に対して、他のフードバンク団体と協力しながら、食品の提供及び生活支援に関する事業を行い、食品ロス削減を通じて、地域社会の福祉増進に寄与する事を目的とする。,加工食品（常温）など,30,賞味期限が１ヶ月以上残っているもの,シェルター、自立援助ホーム、更生支援施設、障害者施設、生活困窮者支援団体、個人支援、炊き出し、グループホーム、災害支援団体、学校外学習生活支援団体、子ども食堂、外国人支援団体等,"[35.444991, 139.636768]"
49,公益社団法人 フードバンクかながわ,神奈川県,236-0051,神奈川県横浜市金沢区富岡東 2－4－45,045-349-5803,info@fb-kanagaw.com,https://www.fb-kanagawa.com,私たちは、個人や団体、企業から消費するには十分安全であるにもかかわらず廃棄されてしまう食料の寄贈を受け、支援を必要としている生活困窮者等に非営利団体を通じて適切に配るフードバンクシステムの確立をめざします。,加工食品（常温）,60,賞味期限が２ヶ月以上残っているもの,児童養護施設、母子生活支援施設、自立援助ホーム、更生支援施設、障害者施設、生活困窮者支援団体、炊き出し、災害支援団体、学校外学習生活支援団体、子ども食堂等,"[35.444991, 139.636768]"
50,フードバンクかわさき（非営利型一般社団法人ファース ト・ステップ）,神奈川県,214-0012,神奈川県川崎市多摩区中野島 6－21－2 マルマスハイム 1F,044-440-4444,info@fb-k.jp,http://fb-k.jp,「餓死や生活苦からの自殺をなくすために」「生活が苦しい人の食と心を支えるフードバンク」。,加工食品（常温）、加工食品（冷蔵）、加工食品（冷凍）、農産物、水産物・畜産物、日用品など,30,賞味期限が１ヶ月以上残っているものなど,母子生活支援施設、シェルター、生活困窮者支援団体、個人支援、災害支援団体、学校外学習生活支援団体等,"[35.5305307, 139.7028012]"
51,特定非営利活動法人 フードバンクひらつか,神奈川県,254-0911,神奈川県平塚市山下 12－1 リゾート高麗 101,0463-79-5824,hiratuka.foodbank@gmail.com,http://foodbank-hiratsuka.com/,食品ロスを目的として企業、一般家庭などから食品を頂き、この食品をひとり親家庭や行政などから依頼がある生活困窮者に対して、無償提供することで貧困問題の解決を目指します。,加工食品（常温）、加工食品（冷凍）、農産物,60,賞味期限が２ヶ月以上残っているもの,自立援助ホーム、生活困窮者支援団体、個人支援、炊き出し、学校外学習生活支援団体、子ども食堂等,"[35.3274105, 139.3492322]"
52,ＮＰＯフードバンク横浜,神奈川県,221-0052,神奈川県横浜市神奈川区栄町 16－1－304,045-512-4965,thanks@fbyokohama.jp,https://www.fbyokohama.jp/,だれ一人おきざりにしない。,加工食品（常温）、加工食品（冷蔵）、農産物,30,賞味期限が１ヶ月以上残っているもの,児童養護施設、母子生活支援施設、生活困窮者支援団体、個人支援、炊き出し、老人施設、子ども食堂等,"[35.444991, 139.636768]"
53,ＮＰＯ法人もったいないジャパン,神奈川県,253-0071,神奈川県茅ケ崎市萩園 1642－2,0467-38-7222,info@mottainai-japan.com,http://mottainai-japan.com/,この法人は「もったいない」の心を活動の軸とし、まだ食べられるのに廃棄される食品や、使用できる日用品などを広く集め、それを必要としている国内外の福祉団体や個人等に寄贈し、また「もったいない精神」を普及することにより、明るく健康で笑顔の絶えない社会の実現に貢献することを目的とする（定款より抜粋）。,加工食品（常温）、農産物,90,賞味期限が３ヶ月以上残っているもの,児童養護施設、母子生活支援施設、自立援助ホーム、障害 者施設、生活困窮者支援団体、個人支援、炊き出し、老人 施設、グループホーム、災害支援団体、学校外学習生活支 援団体、子ども食堂等,"[35.36250665, 139.41238525]"
54,特定非営利活動法人ワンエイド,神奈川県,252-0001,神奈川県座間市相模が丘 4－42－20,046-258-0002,own_aid@yahoo.co.jp,http://own-aid.com,#N/A,加工食品（常温）、農産物,60,賞味期限が２ヶ月以上残っているもの,児童養護施設、母子生活支援施設、シェルター、障害者施設、生活困窮者支援団体、個人支援、老人施設、学校外学習生活支援団体、子ども食堂等,"[35.4886504, 139.4076305]"
55,フードバンクしばた,新潟県,957-0065,新潟県新発田市本町3-3-3,0254-20-8666,#N/A,https://foodbank-shibata.org/,#N/A,加工食品（常温）、加工食品（冷蔵）、加工食品（冷凍）、 農産物、水産物・畜産物など,14,賞味期限が２週間以上残っているもの,個人支援、子ども食堂等,"[37.9478881, 139.3271831]"
56,特定非営利活動法人フードバンクにいがた,新潟県,950-0965,新潟県新潟市中央区新光町 6－2 勤労福祉会館 4F,025-384-4466,fbn@roukyou.ne.jp,https://www.foodbank-niigata.org/,新潟県における食のセーフティネットを支えるフードバンクシステムを構築し市民行政、企業、福祉施設の皆さんと協同し食べ物がムダなく消費され誰もが食を分かち合える心豊かな社会づくりを目指していきます。,加工食品（常温）、加工食品（冷蔵）、加工食品（冷凍）、 農産物,60,賞味期限が２ヶ月以上残っているものなど,児童養護施設、母子生活支援施設、シェルター、自立援助ホーム、更生支援施設、障害者施設、生活困窮者支援団体、個人支援、老人施設、グループホーム、災害支援団体、子ども食堂等,"[37.6452283, 138.7669125]"
57,特定非営利活動法人 フードバンクとやま,富山県,939-0256,富山県射水市広上 1159,090-1393-5619,foodbank.toyama@gmail.com,http://www.foodbank-toyama.com,いっしょにＭＴＴＡＩＮＡＩをつなげよう！,加工食品（常温）、農産物など,30,賞味期限が１ヶ月以上残っているもの,児童養護施設、母子生活支援施設、自立援助ホーム、更生支援施設、障害者施設、生活困窮者支援団体、個人支援、炊き出し、老人施設、グループホーム、災害支援団体、学校外学習生活支援団体、子ども食堂等,"[36.7304657, 137.0753818]"
58,いしかわフードバンク・ネット,石川県,920-024,石川県金沢市西念 3 丁目 3－5,076-222-3310,info@foodbank-shinshu.org,http://isikawafb.net,安心してくらせる地域インフラの一つとしてフードバンク・フードドライブのしくみを県内に定着させていくため設立。１．県内のフードバンク団体、福祉団体、こども食堂、各種団体、自治体、関心を持つ県民と連携してフードバンク・フードドライブのしくみを県内に広める。２．食品を必要としている現場のニーズに基づき、企業や個人に働き掛け、食品の寄贈をコーディネートする。３．食品ロス削減のための啓発を行う。,加工食品（常温）,30,賞味期限が１ヶ月以上残っているもの,児童養護施設、母子生活支援施設、シェルター、自立援助ホーム、更生支援施設、生活困窮者支援団体、老人施設、グループホーム、学校外学習生活支援団体、子ども食堂等,"[36.561627, 136.6568822]"
59,特定非営利活動法人 フードバンクいしかわ,石川県,923-1246,石川県能美市倉重町丁 34－1 エポック 21A202,076-246-1197,foodbankishikawa@cameo.plala.or.jp,http://foodbank.ishikawa.jp/,もったいないをありがたいに！,加工食品（常温）、加工食品（冷蔵）、加工食品（冷凍）、農産物、水産物・畜産物など,30,賞味期限が１ヶ月以上残っているものなど,児童養護施設、母子生活支援施設、シェルター、自立援助ホーム、更生支援施設、障害者施設、生活困窮者支援団体、個人支援、炊き出し、老人施設、グループホーム、災 害支援団体、学校外学習生活支援団体、子ども食堂等,"[36.4424753, 136.5050936]"
60,特定非営利活動法人フードバンク小松,石川県,923-0831,石川県小松市打越町丙 106－3,0761-48-8739,npo.foodross-0.komatsu@outlook.jp,なし,この法人は、南加賀を中心とした住民や他団体らに対してフードドライブ・フードバンクや日用品の再利用の提供及び生活支援に関する事業を行い、住民の生活安定と環境保全に寄与することを目的とする。,加工食品（常温）、米など,1,賞味期限が１週間以内であっても、賞味期限までの日数が残っているもの,シェルター、自立援助ホーム、生活困窮者支援団体、個人支援、子ども食堂等,"[34.623259, 135.5551552]"
61,特定非営利活動法人 フードバンクふくい,福井県,916-0015,福井県鯖江市御幸町3丁目 6-20,090-6811-3363,foodbank-fukui@cap.ocn.ne.jp,http://foodbank-fukui.com/,#N/A,加工食品（常温）、加工食品（冷蔵）、加工食品（冷凍）、農産物など,30,賞味期限が１ヶ月以上残っているものなど,児童養護施設、母子生活支援施設、生活困窮者支援団体、個人支援、老人施設、グループホーム、子ども食堂等,"[35.9565096, 136.1843593]"
62,認定ＮＰＯ法人 フードバンク山梨,山梨県,400-0214,山梨県南アルプス市百々3697－2,055-298-4844,info@fbyama.com,https://fbyamana.fbmatch.net,十分に安全に食べられるのに、箱が壊れたり印字が薄くなったりして販売できない食品や、家庭から出る余剰食品を寄贈していただき生活困窮家庭や訪施・団体に無償で提供する。,加工食品（常温）、農産物など,30,賞味期限が１ヶ月以上残っているものなど,児童養護施設、母子生活支援施設、シェルター、自立援助ホーム、更生支援施設、障害者施設、生活困窮者支援団体、個人支援、炊き出し、老人施設、グループホーム、子ども食堂等,"[35.6083617, 138.4649893]"
63,特定非営利活動法人フードバンク信州,長野県,381-0034,長野県長野市大字高田 1029 番地 1,026-219-3215,info@foodbank-shinshu.org,http://foodbank-shinshu.org/,・食品ロスの削減と資源の有効活用。・生活困窮者の自立支援。・資源循環による地域支え合いのネットワークづくり。,加工食品（常温）,30,賞味期限が１ヶ月以上残っているもの,母子生活支援施設、シェルター、障害者施設、生活困窮者支援団体、個人支援、グループホーム、災害支援団体、子ども食堂等,"[36.1143945, 138.0319015]"
64,特定非営利活動法人ＮＰＯホットライン信州,長野県,399-0011,長野県松本市寿北 5－4－28－1,0120-914-994,yff52160@nifty.com,https://hotline-shinshu.jimdo.com/,生活困窮者への多角的な支援等を通して、誰もが「居場所」「出番」自立」「生活の改善」ができるよう、地域・環境・ネットワーク作りに寄与することで社会福祉の向上を図ることを目的とし、食糧支援や行政機関等への同行支援などを通じて、地域社会の支援制度の改善と事業内容の充実を図る,加工食品（常温）、加工食品（冷凍）、農産物、水産物・畜産物など,30,賞味期限が１ヶ月以上残っているもの,児童養護施設、母子生活支援施設、障害者施設、個人支援、炊き出し、グループホーム、災害支援団体、子ども食堂等,"[36.2382047, 137.9687141]"
65,ＮＰＯ法人たすけ愛おおがき フードバンクぎふ,岐阜県,503-0034,岐阜県大垣市荒尾町 1490－3,090-3383-2301,akahoshi@lilac.ocn.ne.jp,https://foodbank-gifu.amebaownd.com/,#N/A,加工食品（常温）、加工食品（冷蔵）、加工食品（冷凍）、農産物など,#N/A,#N/A,児童養護施設、個人支援、子ども食堂,"[35.7867449, 137.0460777]"
66,認定ＮＰＯ法人フードバンクふじのくに,静岡県,420-0071,静岡県静岡市葵区一番町 50 番地 番町市民活動センター2 階,054-248-6177,info@fb-fujinokuni.org,http://fb-fujinokuni.org/,食品ロスの有効活用により、食料をムダにせず、食を分かち合い、命や人権を守る。,加工食品（常温）,30,賞味期限が１ヶ月以上残っているもの,児童養護施設、母子生活支援施設、シェルター、自立援助ホーム、更生支援施設、障害者施設、生活困窮者支援団体、個人支援、炊き出し、老人施設、グループホーム、災害支援団体、学校外学習生活支援団体、子ども食堂等,"[34.9332488, 138.0955398]"
67,ＮＰＯ法人ＰＯＰＯＬＯ,静岡県,416-0914,静岡県静岡市葵区宮ケ崎町 53 番地,0545-62-8255,info@npo-popolo.org,http://npo-popolo.org/,#N/A,加工食品（常温）,30,賞味期限が１ヶ月以上残っているもの,個人支援、子ども食堂等,"[34.9332488, 138.0955398]"
68,特定非営利活動法人 セカンドハーベスト名古屋,愛知県,462-0831,愛知県名古屋市北区城東町七丁目 148 番地,052-913-6280,info@2h-nagoya.org,https://www.2h-nagoya.org/,フードバンク活動を通じ東海地方における食のセーフティネットを構築する。,加工食品（常温）、加工食品（冷蔵）、加工食品（冷凍）、農産物など,30,賞味期限が１ヶ月以上残っているもの,児童養護施設、母子生活支援施設、シェルター、自立援助ホーム、更生支援施設、障害者施設、生活困窮者支援団体、個人支援、炊き出し、グループホーム、災害支援団体、学校外学習生活支援団体、子ども食堂等,"[35.1364375, 136.93489224218092]"
69,特定非営利活動法人 フードバンクかすがい,愛知県,480-0304,愛知県春日井市神屋町 2298－707,070-5251-4277,fbkasugai@gmail.com,https://www.facebook.com/foodbankkasugaiaichi/,#N/A,加工食品（常温）、農産物など,30,賞味期限が１ヶ月以上残っているもの,児童養護施設、母子生活支援施設、シェルター、自立援助ホーム、障害者施設、生活困窮者支援団体、個人支援、炊き出し、グループホーム、子ども食堂,"[35.273804, 137.007459]"
70,フードバンクのわみ（のわみ相談所）,愛知県,491-0869,愛知県一宮市向山町 1－10－4,0586-72-9697,nowami38@yahoo.co.jp,http://nowami.han-be.com/,この団体は、社会的弱者及び、生活困窮者の基本的人権を擁護するため活動する。そして、これらの諸活動を通じ国民全体の人権を擁護し公共の福祉に貢献できることを目的とする。,加工食品（常温）、加工食品（冷蔵）、加工食品（冷凍）、農産物、水産物・畜産物など,1,賞味期限が１週間以内であっても、賞味期限までの日数が残っているもの,児童養護施設、母子生活支援施設、シェルター、障害者施設、生活困窮者支援団体、個人支援、炊き出し、子ども食堂等,"[35.304878, 136.806915]"
71,フードバンクＩＳＥ,三重県,516-0026,三重県伊勢市宇治浦田 3－1－18,0596-68-9156,genryu1230@gmail.com,https://foodbank.amebaownd.com/,食品ロスの削減、環境問題への取り組み、「もったいない」から「ありがとう」への架け橋、困窮者自立支援。,#N/A,30,賞味期限が１ヶ月以上残っているもの,童養護施設、個人支援等,"[34.5037251, 136.726303]"
72,フードバンク多文化みえ,三重県,519-0505,三重県伊勢市小俣町本町 1312,090-2611-1701,fb.tabunkamie@gmail.com,http://www.fb-tabunkamie.com,人種の色と地の境 我が立つ前に差別なし 膏雨等しく湿さば 磽确やがて花咲かむ。,加工食品（常温）、加工食品（冷蔵）、加工食品（冷凍）、農産物、水産物・畜産物など,60,賞味期限が２ヶ月以上残っているもの,児童養護施設、母子生活支援施設、シェルター、自立援助ホーム、障害者施設、生活困窮者支援団体、個人支援、老人施設、災害支援団体、学校外学習生活支援団体、子ども食堂等,"[34.5037251, 136.726303]"
73,ＮＰＯ法人フードバンク松阪,三重県,515-0834,三重県松阪市岡山町 83－2,090-7309-7287,fdbkmatsusaka@gmail.com,https://foodbkmatsusaka.jimdofree.com,人と人とのつながりを大切に、「食」を通して、生活に困っている方に安心をお届けしたいという思いが基本理念となっております。,加工食品（常温）、加工食品（冷蔵）、加工食品（冷凍）、農産物,1,賞味期限が１週間以内であっても、賞味期限までの日数が残っているもの,障害者施設、個人支援,"[34.5683894, 136.4885753]"
74,特定非営利活動法人フードバンク三重,三重県,514-0018,三重県津市中河原 2129－1,070-1610-1008,foodbankmie@yahoo.co.jp,#N/A,地域の福祉環境の向上と相互扶助の社会作りに寄与すること。,加工食品（常温）、加工食品（冷蔵）、加工食品（冷凍）、農産物,30,賞味期限が１ヶ月以上残っているもの,個人支援、子ども食堂,"[34.7339685, 136.5154489]"
75,フードバンク滋賀,滋賀県,525-0057,滋賀県草津市桜ヶ丘 4 丁目 13 番 25 号,090-2359-4585,foodbankshiga@gmail.com,https://compass.shiga-saku.net/,「もったいない」から「ありがとう」へ。,加工食品（常温）、農産物など,30,賞味期限が１ヶ月以上残っているもの,シェルター、自立援助ホーム、生活困窮者支援団体、個人支援等,"[35.0340345, 135.9507855]"
76,フードバンクひこね（社会福祉法人彦根市社会福祉協議会）,滋賀県,522-0041,滋賀県彦根市平田町 670 番地 彦根市福祉センター別館,0749-22-2821,fbhikone@yahoo.co.jp,http://www.hikone-shakyo.or.jp/,「食品の“もったいない”の削減」および「困ったときは“お たがいさん”の地域づくり」。,加工食品（常温）、加工食品（冷蔵）、農産物、水産物・畜 産物,30,賞味期限が１ヶ月以上残っているもの,生活困窮者支援団体、個人支援、子ども食堂等,"[35.254276, 136.215376]"
77,フードバンクびわ湖,滋賀県,528-0057,滋賀県甲賀市水口町北脇 557,090-2017-6822,foodbankbiwako@gmail.com,https://peraichi.com/landing_pages/view/foodbankbiwako/,もったいないを「笑顔」と「絆」に。,加工食品（常温）、農産物など,0,パンは消費期限当日に提供,児童養護施設、シェルター、自立援助ホーム、更生支援施設、障害者施設、生活困窮者支援団体、個人支援、炊き出し、老人施設、学校外学習生活支援団体、子ども食堂等,"[35.247154, 136.109385]"
78,コズモズ関西フードバンク,京都府,612-8057,京都府京都市伏見区平野町 59－2,075-200-3845 ,#N/A,https://kozmoz.jp/kansai-foodbank,#N/A,加工食品（常温）、農産物,30,賞味期限が１ヶ月以上残っているもの,児童養護施設、自立援助ホーム、更生支援施設,"[34.932474,135.76054]"
79,特定非営利活動法人セカンドハーベスト京都,京都府,605-0018,京都府京都市東山区巽町 442 番地の 9 京都市東山いきいき市民活動センター内,075-601-2100,info@2hkyoto.org,https://www.2hkyoto.org/,私たち『セカンドハーベスト京都』は、安全に食べられるにも関わらず今まで廃棄されていたであろう食品を集め、支援を必要とする人々を支える団体等に提供する活動を通して、京都における食品ロス削減とフードセーフティネットを両立させる社会インフラの一つとなることを目指す。そのために、１．生活困窮者を支援する団体の善きパートナーとなります。２．困難な状況にある子どもたちを食を通して支えられる団体を支援します。３．食品関連企業にとって信頼されるパートナーとなります。４．ボランティアにとって有意義な活動の場を提供します。,加工食品（常温）、加工食品（冷蔵）、農産物など,30,賞味期限が１ヶ月以上残っているもの,児童養護施設、母子生活支援施設、シェルター、自立援助ホーム、障害者施設、生活困窮者支援団体、個人支援、炊き出し、老人施設、子ども食堂等,"[35.007742,135.776241]"
80,フ―ドバンク京田辺,京都府,610-0332,京都府京田辺市興戸犬伏 5－8 京田辺社会福祉協議会内,0774 ｰ 63 ｰ 3890,sanonouen_munouyaku@kcn.jp,#N/A,無駄になるものを、有効利用。,加工食品（常温）など,30,賞味期限が１ヶ月以上残っているもの,児童養護施設、母子生活支援施設、更生支援施設、障害者施設、生活困窮者支援団体、個人支援、子ども食堂等,"[34.8029175, 135.760651]"
81,フードバンク京都,京都府,617-0002,京都府向日市寺戸町山縄手 4－2,075-201-9291,1fbkyoto@gmail.com,https://www.foodbankkyoto.com/,困窮者への食料支援。,加工食品（常温）、農産物など,30,賞味期限が１ヶ月以上残っているもの,児童養護施設、母子生活支援施設、自立援助ホーム、更生支援施設、生活困窮者支援団体、個人支援、炊き出し、子ども食堂等,"[34.9492795, 135.700666]"
82,フードバンク長岡京,京都府,617-0833,京都府長岡京市神足 2 丁目 3 番 1 号,075-963-5508,yoko.katayama@docomo.ne.jp,https://www.facebook.com/foodbanknagaokakyo/?ref=page_internal,食品ロス削減につき（もったいない）必要とする団体に提供（ありがとう）し、心のキャッチボールを大切にしながら併せて環境問題等に取組む。,加工食品（常温）、農産物,30,賞味期限が１ヶ月以上残っているもの,母子生活支援施設、障害者施設、炊き出し、老人施設、災 害支援団体、学校外学習生活支援団体、子ども食堂等,"[34.924418, 135.680271]"
83,認定ＮＰＯ法人 ふーどばんくＯＳＡＫＡ,大阪府,588-8101,大阪府堺市東区八下町 1－122,072-258-2201,info@foodbank-osaka.jp,https://www.foodbank-osaka.jp/,「もったいない」をありがとうに変える。,加工食品（常温）、加工食品（冷蔵）、加工食品（冷凍）、農産物など,30,賞味期限が１ヶ月以上残っているもの,児童養護施設、母子生活支援施設、自立援助ホーム、障害者施設、生活困窮者支援団体、個人支援、炊き出し、老人施設、グループホーム、災害支援団体、学校外学習生活支援団体、子ども食堂等,"[34.577824, 135.4986844]"
84,認定ＮＰＯ法人 フードバンク関西,兵庫県,658-0021,兵庫県神戸市東灘区深江本町 1 丁目 8－16－101,078-855-7025,info@foodbankkansai.org,https://foodbankkansai.org/,命の糧である食べ物を、本来の価値を全うして有効活用し、環境にやさしく、人にもやさしい、互いに支えあい、尊重し合える社会の実現をめざします。,加工食品（常温）、加工食品（冷蔵）、加工食品（冷凍）、農産物、水産物・畜産物など,30,賞味期限が１ヶ月以上残っているもの,児童養護施設、母子生活支援施設、シェルター、自立援助ホーム、更生支援施設、障害者施設、生活困窮者支援団体、個人支援、炊き出し、老人施設、グループホーム、災害支援団体、子ども食堂等,"[34.6932379, 135.1943764]"
85,特定非営利活動法人 フードバンクはりま,兵庫県,671-0219,兵庫県姫路市飾東町豊国 503,079-227-8304,info@foodbankharima.org,https://foodbankharima.org,フードバンク活動を行うことにより食品の無駄を減らし多くの人が安心して暮らすことのできる社会の実現を目指すとともに、潜在的にそのような支援をしたいと考えている人々が活動を行うきっかけを作ることで相互扶助の社会づくりに寄与する。,加工食品（常温）、農産物など,30,賞味期限が１ヶ月以上残っているもの,児童養護施設、母子生活支援施設、生活困窮者支援団体、個人支援、炊き出し、子ども食堂等,"[34.8153529, 134.6854793]"
86,フードバンク奈良,奈良県,636-0114,奈良県生駒郡斑鳩町法隆寺西 3 丁目 1－32,090-2286-4548,foodbank.nara@gmail.com,https://foodbanknara.jimdofree.com/,#N/A,加工食品（常温）、米,30,賞味期限が１ヶ月以上残っているもの,自立援助ホーム、障害者施設、生活困窮者支援団体、グループホーム、学校外学習生活支援団体、子ども食堂等,"[34.61052,135.731965]"
87,特定非営利活動法人フードバンク和歌山,和歌山県,644-0011,和歌山県御坊市湯川町財部 778－7,080-3792-0000,foodbank_wakayama@yahoo.co.jp,http://foodbank-wakayama.com/,貧困問題を解消、生活環境の改善を目的にフードバンク事業を、実施している。,加工食品（常温）、加工食品（冷蔵）、加工食品（冷凍）、農産物、水産物・畜産物,14,賞味期限が２週間以上残っているもの,児童養護施設、母子生活支援施設、シェルター、自立援助 ホーム、障害者施設、生活困窮者支援団体、個人支援、グ ループホーム、子ども食堂等,"[33.8913819, 135.152572]"
88,フードバンク鳥取,鳥取県,683-0853,鳥取県米子市両三柳 3053 番地 8,090-1189-1369 ,hiroe@chukai.ne.jp,#N/A,あらゆる暴力被害者に対する支援を目的とする。特に母子が安心して生活できるよう自立できるまで物心ともに支えていく。,加工食品（常温）、加工食品（冷蔵）、加工食品（冷凍）、 米、水産物・畜産物など,7,賞味期限が１週間以上残っているもの,児童養護施設、母子生活支援施設、シェルター、自立援助ホーム、障害者施設、生活困窮者支援団体、個人支援、グループホーム、学校外学習生活支援団体、子ども食堂等,"[35.4276408, 133.331459]"
89,社会福祉法人松江市社会福祉協議会,島根県,690-0852,島根県松江市千鳥町 70,0852-24-9026,shakyo-m@web-sanin.co.jp,http://www.shakyou-matsue.jp/,松江市社協は、地域福祉を推進する『公共性』『公益性』の高い民間団体として、誰もが安心して暮らす事ができる『福祉でまちづくり』を地域住民の方やボランティアの方、福祉・保健・医療の多様な機関と共に推進することを使命とします。,加工食品（常温）,30,賞味期限が１ヶ月以上残っているもの,シェルター、生活困窮者支援団体、個人支援、子ども食堂等,"[35.468115, 133.048768]"
90,岡山環境カウンセラー協会、更生保護施設等支援協議会,岡山県,701-0205,岡山県岡山市南区妹尾 2618、津山市中北上 1731－2,090-7595-7146,fujimoto-haruo@assess.co.jp,#N/A,環境省の環境カウンセラー登録制度にのっとり市民・事業者・行政の連携を促進。,加工食品（常温）、農産物,1,賞味期限が１週間以内であっても、賞味期限までの日数が残っているもの,児童養護施設、更生支援施設、個人支援等,"[34.8581334, 133.7759256]"
91,順正デリシャスフードキッズクラブ,岡山県,716-8508,岡山県高梁市伊賀町 8,0866-22-3548,volcen@office.jei.ac.jp,http://volcen.kiui.ac.jp,１５才以下の子どもを抱える、生活困窮家庭に無償で食料支援を行い、「食のセーフティネット」を構築する。,加工食品（常温）、農産物,30,賞味期限が１ヶ月以上残っているもの,個人支援等,"[34.7908975, 133.6169111]"
92,認定ＮＰＯ法人ハーモニーネット未来,岡山県,714-0081,岡山県笠岡市笠岡 5909,0865-63-4995,kodomo1@kcv.ne.jp,http://hamomira.or.jp/,子どもから高齢者・彰がい者・若者、今を生きるすべての人が安心して、自分らしく生活することができる地域社会の創出。,加工食品（常温）、農産物,0,都度、案件ごとに判断,児童養護施設、障害者施設、生活困窮者支援団体、個人支援、グループホーム、災害支援団体、子ども食堂等,"[34.8581334, 133.7759256]"
93,フード・シェアリング・ジャパン,岡山県,709-2344,岡山県加賀郡吉備中央町上野 2440－52,0866-56-7187,nariken77@hotmail.com,https://www.facebook.com/FoodsharingJapan/,食品レスキュー＆笑顔プロデュース！ｓａｖｉｎｇ Ｆｏｏｄ ｉｓ ｓａｖｉｎｇ ｃｏｕｎｔｒｙ．,加工食品（常温）、加工食品（冷蔵）、加工食品（冷凍）、農産物,0,都度、案件ごとに判断,児童養護施設、母子生活支援施設、シェルター、自立援助ホーム、障害者施設、生活困窮者支援団体、個人支援、老人施設、グループホーム、災害支援団体、子ども食堂等,"[34.847463,133.776493]"
94,フードバンクアリス（一般社団法人アリス福祉会）,岡山県,712-8043,岡山県倉敷市広江 5 丁目 2-45,086-436-6603,alice2015@snow.plala.or.jp,http://alice-fukushi.jimdofree.com/,「もったいない」をなくそう,加工食品（常温）、加工食品（冷蔵・チルド）、野菜・果物、菓子、清涼飲料、日用品・雑貨・衣類、備蓄食料、米飯、巻き寿司,0,未開封・未使用 賞味・消費期限当日まで可（要相談）,児童養護施設、自立援助ホーム、障害者施設、生活困窮者支援団体、シェルター、グループホーム、地方公共団体、老人施設、子ども食堂、更生保護施設、社会福祉協議会、他のフードバンク,"[34.5850791, 133.7719957]"
95,特定非営利活動法人フードバンク岡山,岡山県,700-0867,岡山県岡山市北区岡町 14－9 岡町ビル 202,090-7131-5672,info@fb-okayama.com,http://fb-okayama.com/,これまで無駄になっていた「たべもの」とそれを必要とする「ひと」とのつながりを創造します。,加工食品（常温）、加工食品（冷蔵）、加工食品（冷凍）、農産物など,90,賞味期限が 3 週間以上残っているもの,児童養護施設、シェルター、自立援助ホーム、障害者施設、生活困窮者支援団体、グループホーム、災害支援団体、学校外学習生活支援団体、子ども食堂等,"[34.8581334, 133.7759256]"
96,フードバンクせとうち,岡山県,701-4221,岡山県瀬戸内市邑久町尾張 700-1,0869-22-0433,minato14@plum.ocn.ne.jp,#N/A,フードバンク活動を通じて「食品ロス削減」、地域の「セーフティーネット」を構築することを目的に活動しています。,加工食品（常温）、 加工食品（冷蔵・チルド）、 野菜、果物菓子、清涼飲料、日用品・雑貨・衣類,0,配布食品は未開封・未使用、賞味期限に制限はなし,児童養護施設、自立援助ホーム、障害者施設、生活困窮者支援団体、シェルター、グループホーム、地方公共団体、老人施設、個人支援,"[34.6647608, 134.0926948]"
97,社会福祉法人 正仁会 フードバンク事業あいあいねっと,広島県,731-0221,広島県広島市安佐北区可部 3－9－21,082-819-3023,#N/A,https://aiainet.org/,#N/A,#N/A,#N/A,#N/A,児童養護施設、母子生活支援施設、シェルター、自立援助ホーム、更生支援施設、障害者施設、生活困窮者支援団体、個人支援、炊き出し、老人施設、グループホーム、災害支援団体、学校外学習生活支援団体、子ども食堂等,"[34.3916058, 132.4518156]"
98,NPO 法人広島こども食堂支援センター,広島県,730-0823,広島市中区吉島西二丁目8番3号,080-5237-4585,hs.backyard@gmail.com,https://5d2089a920a96.site123.me/,「こども食堂」の普及拡大、運営の後方支援、企業との連携促進などを行うことにより、地域全体で子どもたちの成長を見守る環境の整備と、活動を介して地域住民同士がつながり、お互いに支え合う共生社会の実現に寄与することを目的とする。,加工食品（常温）、 加工食品（冷蔵・チルド）、 野菜、果物菓子、清涼飲料、日用品・雑貨・衣類,30,配布食品は未開封・未使用、賞味期限１カ月前,子ども食堂、及びこれに類する活動 ,"[34.3916058, 132.4518156]"
99,特定非営利活動法人 フードバンク福山,広島県,720-0017,広島県福山市千田町 3 丁目 4－22,090-5708-3072,fukuden.senda250501@riuer.ocn.ne.jp,#N/A,食品を活かしきる,加工食品（常温）、加工食品（冷蔵）、加工食品（冷凍）、農産物、水産物・畜産物など,7,賞味期限が１週間以上残っているもの,児童養護施設、母子生活支援施設、シェルター、自立援助ホーム、更生支援施設、障害者施設、生活困窮者支援団体、個人支援、炊き出し、老人施設、グループホーム、災害支援団体、学校外学習生活支援団体、子ども食堂等,"[34.4857039, 133.3623097]"
100,特定非営利活動法人ＦＯＯＴ＆ＷＯＲＫ フードバンク部 ゆるテイ,広島県,736-0045,広島県安芸郡海田町堀川町 1－8 ホスタ海田堀川町ビル 1 階,082-554-6393,yuruthi@senoriver.com ,https://footandwork.com/,地域力向上のため「人と人」や「人と社会資源」がゆるく繋がり多様なコミニュティが広がり、場の創出及び社会的課題へ貢献する。,加工食品（常温）、加工食品（冷蔵）、農産物など,1,賞味期限が１週間以内であっても、賞味期限までの日数が残っているもの,#N/A,"[34.368438,132.531039]"
101,特定非営利活動法人 フードバンク山口,山口県,753-0851,山口県山口市黒川 1159 番地 13,090-8600-0864,foodbank.ymg@gmail.com,http://blog.canpan.info/fbyamaguchi/,事業者及び一般家庭等から発生している食品ロスの削減を推進し、ロスとなっている食品を様々な理由で食品を必要としている福祉施設や生活困窮者等、及び大規模災害の被災者等に支援すること等により、食料の偏りを縮小するとともに、事業者及び消費者の社会的責任についての普及、啓発を通して、持続可能な社会の構築に寄与すること。,加工食品（常温）、加工食品（冷凍）、農産物など,30,賞味期限が１ヶ月以上残っているもの,児童養護施設、母子生活支援施設、シェルター、自立援助ホーム、更生支援施設、障害者施設、生活困窮者支援団体、個人支援、老人施設、グループホーム、学校外学習生活支援団体、子ども食堂等,"[34.1781317, 131.4737077]"
102,特定非営利活動法人フードバンクとくしま,徳島県,770-0942,徳島県徳島市昭和町 3 丁目 35－2 ヒューマンわーくぴあ 徳島 305,088-679-1919,foodbanktokushima@orion.ocn.ne.jp,http://foodbank.roukyou.gr.jp,社会的支援を必要とする人たち及び団体に対して、品質に 問題がないにも関わらず廃棄されている食品や食材を提供 する事業を行い、地域で支え合う社会の実現に寄与する。,加工食品（常温）、加工食品（冷蔵）、農産物など,30,賞味期限が１ヶ月以上残っているもの,児童養護施設、母子生活支援施設、シェルター、自立援助ホーム、更生支援施設、障害者施設、生活困窮者支援団体、個人支援、老人施設、グループホーム、学校外学習生活支援団体、子ども食堂等,"[34.0698307, 134.5550353]"
103,特定非営利活動法人フードバンク香川,香川県,760-0017,香川県高松市番町一丁目 10－35,087-861-2233,chiiki1@kagawaken-shakyo.or.jp,http://www.kagawaken-shakyo.or.jp/kyougikai/foodbank.html,地域福祉、環境保全、教育等の社会的な課題に取り組む団 体、食品生産、製造・加工等に携わる団体及び食品流通等 に関わる団体又は個人等と連携して、これまで無駄となっ ていた「食品」を媒介として、地域における人と人のつな がりを創造するフードバンク活動を推進することにより、 地域で支えあう社会の実現に寄与することを目的とする。,加工食品（常温）、米など,30,賞味期限が１ヶ月以上残っているもの,児童養護施設、母子生活支援施設、シェルター、自立援助ホーム、更生支援施設、障害者施設、生活困窮者支援団体、個人支援、老人施設、グループホーム、災害支援団体、学校外学習生活支援団体、子ども食堂等,"[34.3425592, 134.0465338]"
104,特定非営利活動法人 ｅワーク愛媛 えひめフードバンク 愛顔,愛媛県,792-0050,愛媛県新居浜市萩生 1309－1,0897-47-4307,t-nabae@eiai-works.jp,http://eworkehime.kojyuro.com/,ｅワーク愛媛の４つの柱。就労支援事業・地域再生事業・ フードバンク事業・買い物困難者支援事業。,加工食品（常温）、加工食品（冷蔵）、加工食品（冷凍）、農産物、水産物・畜産物など,1,賞味期限が１週間以内であっても、賞味期限までの日数が残っているもの,児童養護施設、母子生活支援施設、自立援助ホーム、障害者施設、生活困窮者支援団体、老人施設、グループホーム、災害支援団体、学校外学習生活支援団体、子ども食堂等,"[33.9603497, 133.2835899]"
105,特定非営利活動法人フードバンク北九州ライフアゲイン,福岡県,805-0019,福岡県北九州市八幡東区中央 2－14－17,093-672-5347,info@fbkitaq.net,https://fbkitaq.net,「すべての子どもたちが大切」とされる社会を目指す。生まれ育った環境のために、満たされた食事ができない。十分な教育を受けられない。寂しい思いをしている子どもを北九州市からゼロにする。,加工食品（常温）、加工食品（冷蔵）、加工食品（冷凍）、農産物、水産物・畜産物など,30,賞味期限が１ヶ月以上残っているもの,児童養護施設、母子生活支援施設、シェルター、自立援助ホーム、更生支援施設、障害者施設、生活困窮者支援団体、個人支援、老人施設、グループホーム、災害支援団体、学校外学習生活支援団体、子ども食堂等,"[33.8829996, 130.8749015]"
106,フードバンクくるめ,福岡県,830-0207,福岡県久留米市城島町城島 689－2,080-6118-5285,t.urakawa@me.com,http://fb-kurume.com/fudobankukurume/toppupeji.html,食品ロスと貧困の双方向性の橋渡し。,加工食品（常温）、加工食品（冷蔵）、加工食品（冷凍）、 米、麦など,30,賞味期限が１ヶ月以上残っているもの,児童養護施設、母子生活支援施設、シェルター、自立援助ホーム、障害者施設、生活困窮者支援団体、炊き出し、グループホーム、学校外学習生活支援団体、子ども食堂等,"[33.3196648, 130.5081592]"
107,特定非営利活動法人 フードバンク福岡,福岡県,811-1352,福岡県福岡市南区鶴田 4 丁目 48－4,092-710-3205,fbfukuoka@gmail.com,http://www.fbfukuoka.net,「もったいない」をなくし「おすそわけ」をあたりまえに～まだ食べられる食品が多く捨てられる現状において、企業や農家あるいは個人から食品を提供してもらい、必要としている福祉施設や個人に届けることで、食品ロスの削減と生活困窮者の支援を行うとともに、食べ物を大切にする意識の醸成を図り、食を通じて人と人とが繋がり、お互いを助け合い、分かち合う心を育み、誰もが尊厳をもって暮らすことができる社会を作ることを目的とする。,加工食品（常温）、加工食品（冷蔵）、加工食品（冷凍）、 米、水産物・畜産物など,30,賞味期限が１ヶ月以上残っているもの,児童養護施設、母子生活支援施設、シェルター、自立援助ホーム、更生支援施設、障害者施設、生活困窮者支援団体、個人支援、炊き出し、老人施設、グループホーム、災害支援団体、学校外学習生活支援団体、子ども食堂等,"[33.5898988, 130.4017509]"
108,ふくおか筑紫フードバンク,福岡県,816-0941,福岡県大野城市東大利 2－5－20,092-502-8822,kodomo@npo-ccc.net,http://chikushifoodbank.net/,核家族化が進行し、共働きやひとり親家庭の増加に伴い、親子で過ごす時間の減少や孤食の増加、多様な人との交流・子どもの（社会体験）心の貧困が課題となっています。この課題を解決するために、すべての子ども達が安心して過ごすことができる居場所「子ども食堂」を身近な地域にたくさんつくりたいと願うようになり、２０１５月１２月から（特活）チャイルドケアセンターの自主事業として「こども食堂」の立ち上げ支援を始めたところ、並行して多くの方から食品の寄付を頂くようになりました。「こども食堂」の継続的な運営を支援するには、個人や企業からの寄贈される食品を「こども食堂」に届けるフードバンクが有効であると考えるようになり、趣旨に賛同する支援者のご協力を得て、２０１６月７月「ふくおか筑紫フードバンク」事業を立ち上げました。,加工食品（常温）、加工食品（冷凍）、農産物、水産物・畜産物,30,賞味期限が１ヶ月以上残っているもの,#N/A,"[33.547399, 130.488786]"
109,フードバンクさが,佐賀県,840-0813,佐賀県佐賀市唐人 1 丁目 1－14 よってこ十間堀,0952-37-1300,tsunagu@fb-saga.org,https://fb-saga.org/,基本理念 食品ロス削減の有効活用と、食の大切さ、食への感謝の気持ちを大事に、食で人と人がつながり、地域が、元気に共に助けあうことができる社会をめざします。,加工食品（常温）,30,賞味期限が１ヶ月以上残っているもの,#N/A,"[33.2639134, 130.3008378]"
110,一般社団法人フードバンク協和,長崎県,857-1192,長崎県佐世保市白岳町 151 （協和商工（株）内）,0956-76-7870,info@foodbankkyowa.com,http://foodbankkyowa.com/,１．笑顔で「ごちそうさま」が飛び交う明るい社会創りに貢献します。１．「もったいない」から「おいしい」への架け橋を創ります。１．本業を最大限に活かした地域社会貢献をおこないます。,加工食品（常温）、加工食品（冷蔵）、加工食品（冷凍）、水産物・畜産物など,30,賞味期限が１ヶ月以上残っているもの,児童養護施設、母子生活支援施設、自立援助ホーム、障害者施設、子ども食堂等,"[33.1799965, 129.7152872]"
111,一般社団法人ひとり親家庭福祉会ながさき つなぐＢＡＮＫ～フード＆グッズ～,長崎県,850-0054,長崎県長崎市上町１番３３号 社会福祉会館３階,095-828-1470,nagasaki@tsunagubank.jp,http://www.tsunagubank.jp,フードバンク活動を通じて「食品ロス削減」、地域の「セーフティ-ネット」を構築することを目的に活動しています。,加工食品（常温）、加工食品(冷蔵・チルド）、野菜・果物、菓子、清涼飲料、日用品・雑貨・学用品,30,配布食品は未開封・未使用、賞味期限１カ月前,ひとり親家庭生活困窮世帯、児童養護施設 自立援助ホーム 障害者施設 生活困窮者支援団体 シェルター 子ども食堂、 個人支援,"[33.1154683, 129.7874339]"
112,社会福祉法人 南苑会 フードバンク熊本,熊本県,861-4117,熊本県熊本市南区護藤町 973,096-357-5622,fujitomi@poppy.ocn.ne.jp,http://k-fujitomi.com/foodbank.php,#N/A,加工食品（常温）、加工食品（冷蔵）、加工食品（冷凍）、農産物など,60,賞味期限が２ヶ月以上残っているもの,児童養護施設、母子生活支援施設、自立援助ホーム、更生支援施設、障害者施設、生活困窮者支援団体、個人支援、炊き出し、老人施設、グループホーム、災害支援団体、学校外学習生活支援団体、子ども食堂等,"[32.7833323, 130.7333361]"
113,フードバンク玉名,熊本県,865-8501,熊本県玉名市岩崎 163,0968-75-1222,kurasapo@city.tamana.lg.jp,http://www.city.tamana.lg.jp/q/aview/53/7268.htm/,社会における「もったいない」を「ありがとう」に変えるべく、困窮状態にある方の今日を支えると共に、新しい地域づくりと企業等の社会貢献を手助けし、誰もが安心して暮らせる社会の実現を目的とする。,加工食品（常温）,90,賞味期限が３ヶ月以上残っているもの,個人支援、学校外学習生活支援団体,"[32.9352591, 130.5628137]"
114,社会福祉法人 大分県社会福祉協議会 フードバンクおお いた,大分県,870-0907,大分県大分市大津町 2－1－41,097-558-3373,oitavoc@oitavoc.jp,https://fboita.oitakensyakyo.jp/,「もったいない」を「ありがとう」に。,加工食品（常温）、加工食品（冷蔵）、加工食品（冷凍）、 農産物,30,賞味期限が１ヶ月以上残っているもの,児童養護施設、母子生活支援施設、自立援助ホーム、更生支援施設、生活困窮者支援団体、子ども食堂等,"[33.2393864, 131.6096524]"
115,一般社団法人 大分こころのケアセンター フードバンク 東九州,大分県,870-0251,大分県大分市大在中央一丁目 12 番 4－302 号,097-592-7302,oitafood@kokono-care-center.or.jp,https://kokono-care-center.or.jp,・精神障害者と引きこもりの方の社会参加と社会貢献への支援。・食品ロス削減、ＣＯ２排出削減、格差縮少。,加工食品（常温）、加工食品（冷蔵）、加工食品（冷凍）、農産物、水産物・畜産物など,1,賞味期限が１週間以内であっても、賞味期限までの日数が残っているもの,児童養護施設、個人支援、炊き出し、子ども食堂,"[33.2393864, 131.6096524]"
116,フードバンクお助けマン霧島,鹿児島県,899-5121,鹿児島県霧島市隼人町神宮1-6-5,0995-42-3212,joystation@po.mct.ne.jp,http://npo-joystation.com/,フードバンク活動を通じて分かち合いの精神を実践して「食品ロス削減」運動に企業と個人が参加できるシステムを構築することを目的に活動しています。,加工食品（常温）、加工食品(冷蔵・チルド）、野菜・果物、菓子、清涼飲料、日用品・雑貨・衣類,30,配布食品は未開封・未使用、賞味期限１カ月前,子ども食堂、児童クラブ、児童養護施設、老人施設、自立援助ホーム、障害者施設、生活困窮者支援団体、地方公共団体、民生委員,"[31.521587, 130.5474077]"
117,フードバンク日向,宮崎県,883-0034,宮崎県日向市富高 6800－35,090-1192-9815,on_the_move_a@yahoo.co.jp,https://www.fb-hyuga.com/,誰もが食を分かち合える社会の実現。生まれてきた環境により満足に食事が摂れない。十分に教育が受けられない寂しい思いをしているこどもを日向市からゼロにする。,加工食品（常温）、加工食品（冷蔵）、加工食品（冷凍）、農産物、水産物・畜産物など,30,賞味期限が１ヶ月以上残っているものなど,児童養護施設、個人支援、子ども食堂等,"[32.097681, 131.294542]"
118,ＮＰＯ法人フードバンクかごしま,鹿児島県,892-0831,鹿児島県鹿児島市船津町 1－11,099-226-9298,foodbank@ksnk.org,http://ksnk.org/,#N/A,加工食品（常温）、加工食品（冷蔵）、加工食品（冷凍）、農産物,#N/A,#N/A,児童養護施設、母子生活支援施設、更生支援施設、障害者施設、生活困窮者支援団体、炊き出し、災害支援団体、子ども食堂等,"[31.6020649, 130.5641252]"
119,一般社団法人サポートセンターＨＯＰＥフードバンクやいま,沖縄県,907-0002,沖縄県石垣市字真栄里 204－32 1－E,0980-88-6260,hope.okinawa@outlook.jp,https://ishigakihope.com/,子どもを守り母親と家族を励まし支える。,加工食品（常温）,30,賞味期限が１ヶ月以上残っているもの,#N/A,"[24.366098, 124.163499]"
120,ＮＰＯ法人フードバンクセカンドハーベスト沖縄,沖縄県,902-0073,沖縄県那覇市上間 200－1 ダイエイ A101,098-853-3001,info@2h-okinawa.org,https://www.2h-okinawa.org/,もったいない食品等を生かし、沖縄の中で困っている人たちに無償で食品を届ける活動。,加工食品（常温）、加工食品（冷蔵）、加工食品（冷凍）、農産物、水産物・畜産物など,30,賞味期限が１ヶ月以上残っているものなど,児童養護施設、母子生活支援施設、シェルター、自立援助ホーム、更生支援施設、障害者施設、生活困窮者支援団体、個人支援、老人施設、グループホーム、学校外学習生活支援団体、子ども食堂等,"[26.2122345, 127.6791452]"
